{"entity.phantom.ambient":{"sounds":[{"name":"mob\/phantom\/idle1","volume":0.04},{"name":"mob\/phantom\/idle2","volume":0.04},{"name":"mob\/phantom\/idle3","volume":0.04},{"name":"mob\/phantom\/idle4","volume":0.04},{"name":"mob\/phantom\/idle5","volume":0.04}],"replace":true,"subtitle":"subtitles.entity.phantom.ambient"},"entity.phantom.bite":{"sounds":[{"name":"mob\/phantom\/bite1","volume":0.05},{"name":"mob\/phantom\/bite2","volume":0.05}],"replace":true,"subtitle":"subtitles.entity.phantom.bite"},"entity.phantom.death":{"sounds":[{"name":"mob\/phantom\/death1","volume":0.05},{"name":"mob\/phantom\/death2","volume":0.05},{"name":"mob\/phantom\/death3","volume":0.05}],"replace":true,"subtitle":"subtitles.entity.phantom.death"},"entity.phantom.flap":{"sounds":[{"name":"mob\/phantom\/flap1","volume":0.045},{"name":"mob\/phantom\/flap2","volume":0.045},{"name":"mob\/phantom\/flap3","volume":0.045},{"name":"mob\/phantom\/flap4","volume":0.045},{"name":"mob\/phantom\/flap5","volume":0.045},{"name":"mob\/phantom\/flap6","volume":0.045}],"replace":true,"subtitle":"subtitles.entity.phantom.flap"},"entity.phantom.hurt":{"sounds":[{"name":"mob\/phantom\/hurt1","volume":0.0375},{"name":"mob\/phantom\/hurt2","volume":0.0375},{"name":"mob\/phantom\/hurt3","volume":0.0375}],"replace":true,"subtitle":"subtitles.entity.phantom.hurt"},"entity.phantom.swoop":{"sounds":[{"name":"mob\/phantom\/swoop1","volume":0.035},{"name":"mob\/phantom\/swoop2","volume":0.035},{"name":"mob\/phantom\/swoop3","volume":0.035},{"name":"mob\/phantom\/swoop4","volume":0.035}],"replace":true,"subtitle":"subtitles.entity.phantom.swoop"}}